문항아이디,문제,해설
E62CB052A001700T22,"<p class=""para0"" style=""text-align:left;color:black;"">색칠한 부분의 넓이는 몇 <span data-mathinfo=""88,1000,1800,1175;;rmcm ^{2}"" class=""itexmath"" contenteditable=""false"" data-latex=""\displaystyle  \rm { cm ^ { 2 } } "">\(\displaystyle \rm { cm ^ { 2 } } \)</span>일까요? (원주율: <span data-mathinfo=""86,1000,525,975;;3"" class=""itexmath"" contenteditable=""false"" data-latex=""\displaystyle  3 "">\(\displaystyle 3 \)</span>)</p><p class=""img_wrap"" style=""text-align:center;color:black;""><img style=""width:96px;"" src=""https://dela4pam71omq.cloudfront.net/svc07/2023/08/03/0xFD8228A631E411EE8F9C86FE20CAEA7D.png"" data-width=""96px, 96px""></p><p class=""para0"" style=""text-align:right;color:black;""><span data-mathinfo=""78,1000,3105,1195;;box~~~~~~"" class=""itexmath itexboxevt_parent"" contenteditable=""false"" data-latex=""\displaystyle  \class{itexboxevt}{} \boxed { \,\, \,\, \,\, \,\, \,\, \,\, \mathstrut } "">\(\displaystyle \class{itexboxevt}{} \boxed { \,\, \,\, \,\, \,\, \,\, \,\, \mathstrut } \)</span><span data-mathinfo=""88,1000,2050,1175;;``rmcm^2"" class=""itexmath"" contenteditable=""false"" data-latex=""\displaystyle  \rm { cm ^ { 2 } } "">\(\displaystyle \rm { cm ^ { 2 } } \)</span></p>","<p class=""para0"" style=""text-align:left;color:black;"">(가장 큰 원의 지름)<span data-mathinfo=""86,1000,4240,975;;=16+20"" class=""itexmath"" contenteditable=""false"" data-latex=""\displaystyle  =16+20 "">\(\displaystyle =16+20 \)</span><span data-mathinfo=""86,1000,2085,975;;=36"" class=""itexmath"" contenteditable=""false"" data-latex=""\displaystyle  =36 "">\(\displaystyle =36 \)</span>(<span data-mathinfo=""86,1000,1425,1000;;rmcm"" class=""itexmath"" contenteditable=""false"" data-latex=""\displaystyle  \rm cm "">\(\displaystyle \rm cm \)</span>)</p><p class=""para0"" style=""text-align:left;color:black;"">➡ (색칠한 부분의 넓이)</p><p class=""para0"" style=""text-align:left;color:black;"">   <span data-mathinfo=""86,1000,825,975;;="" class=""itexmath"" contenteditable=""false"" data-latex=""\displaystyle  = "">\(\displaystyle = \)</span>(가장 큰 원의 넓이)</p><p class=""para0"" style=""text-align:right;color:black;""><span data-mathinfo=""86,1000,825,975;;-"" class=""itexmath"" contenteditable=""false"" data-latex=""\displaystyle  - "">\(\displaystyle - \)</span>(두 번째로 큰 원의 넓이)<span data-mathinfo=""86,1000,825,975;;-"" class=""itexmath"" contenteditable=""false"" data-latex=""\displaystyle  - "">\(\displaystyle - \)</span>(가장 작은 원의 넓이)</p><p class=""para0"" style=""text-align:left;color:black;"">   <span data-mathinfo=""86,1000,16700,975;;=18 TIMES  18 TIMES  3-10 TIMES  10 TIMES  3-8 TIMES  8 TIMES  3"" class=""itexmath"" contenteditable=""false"" data-latex=""\displaystyle  =18 \times 18 \times 3-10 \times 10 \times 3-8 \times 8 \times 3 "">\(\displaystyle =18 \times 18 \times 3-10 \times 10 \times 3-8 \times 8 \times 3 \)</span></p><p class=""para0"" style=""text-align:left;color:black;"">   <span data-mathinfo=""86,1000,7970,975;;=972-300-192"" class=""itexmath"" contenteditable=""false"" data-latex=""\displaystyle  =972-300-192 "">\(\displaystyle =972-300-192 \)</span><span data-mathinfo=""86,1000,2610,975;;=480"" class=""itexmath"" contenteditable=""false"" data-latex=""\displaystyle  =480 "">\(\displaystyle =480 \)</span>(<span data-mathinfo=""88,1000,1800,1175;;rm cm ^{2}"" class=""itexmath"" contenteditable=""false"" data-latex=""\displaystyle  \rm { cm ^ { 2 } } "">\(\displaystyle \rm { cm ^ { 2 } } \)</span>)</p>"
E52CF085A000301T22,"<p class=""para0"" style=""text-align:left;color:black;"">빈칸에 알맞은 수를 써넣으세요.</p><p class=""img_wrap"" style=""text-align:center;color:black;""><img style=""width:128px;"" src=""https://dela4pam71omq.cloudfront.net/svc07/2023/08/03/0xD2F787BA31BD11EE899F49F920CAEA7D.png"" data-width=""44px, 128px""></p>","<p class=""para0"" style=""text-align:left;color:black;""><span data-mathinfo=""86,1000,6100,975;;7times4.1=28.7"" class=""itexmath"" contenteditable=""false"" data-latex=""\displaystyle  7\times 4.1=28.7 "">\(\displaystyle 7\times 4.1=28.7 \)</span></p>"
M31AA143A099800T22,"<p class=""para0"" style=""text-align:left;color:black;"">이차방정식 <span data-mathinfo=""89,1000,6470,1163;;25x ^{2} +20x+4"" class=""itexmath"" contenteditable=""false"" data-latex=""\displaystyle  { 25x ^ { 2 } } +20x+4 "">\(\displaystyle { 25x ^ { 2 } } +20x+4 \)</span><span data-mathinfo=""86,1000,1560,975;;=0"" class=""itexmath"" contenteditable=""false"" data-latex=""\displaystyle  =0 "">\(\displaystyle =0 \)</span>의 근의 개수를 구하시오.</p>","<p class=""para0"" style=""text-align:left;color:black;""><span data-mathinfo=""89,1000,6900,1163;;20 ^{2} -4 TIMES 25 TIMES 4"" class=""itexmath"" contenteditable=""false"" data-latex=""\displaystyle  { 20 ^ { 2 } } -4 \times 25 \times 4 "">\(\displaystyle { 20 ^ { 2 } } -4 \times 25 \times 4 \)</span><span data-mathinfo=""86,1000,1560,975;;=0"" class=""itexmath"" contenteditable=""false"" data-latex=""\displaystyle  =0 "">\(\displaystyle =0 \)</span></p><p class=""para0"" style=""text-align:left;color:black;"">따라서 중근을 갖는다.</p>"
E62DF094A001600T22,"<p class=""para0"" style=""text-align:left;color:black;"">원주가 <span data-mathinfo=""86,1000,4600,1000;;200.96``rmcm"" class=""itexmath"" contenteditable=""false"" data-latex=""\displaystyle  200.96 \rm cm "">\(\displaystyle 200.96 \rm cm \)</span>인 원이 있습니다. 이 원의 반지름은 몇 <span data-mathinfo=""86,1000,1425,1000;;rmcm"" class=""itexmath"" contenteditable=""false"" data-latex=""\displaystyle  \rm cm "">\(\displaystyle \rm cm \)</span>일까요? (원주율: <span data-mathinfo=""86,1000,1875,975;;3.14"" class=""itexmath"" contenteditable=""false"" data-latex=""\displaystyle  3.14 "">\(\displaystyle 3.14 \)</span>)</p><p class=""para0"" style=""text-align:right;color:black;""><span data-mathinfo=""78,1000,3780,1195;;box{~~~~}``rmcm"" class=""itexmath itexboxevt_parent"" contenteditable=""false"" data-latex=""\displaystyle  \class{itexboxevt}{} \boxed { \,\, \,\, \,\, \,\, \mathstrut } \rm cm "">\(\displaystyle \class{itexboxevt}{} \boxed { \,\, \,\, \,\, \,\, \mathstrut } \rm cm \)</span></p>","<p class=""para0"" style=""text-align:left;color:black;"">원의 반지름을 □<span data-mathinfo=""86,1000,1675,1000;;``rmcm"" class=""itexmath"" contenteditable=""false"" data-latex=""\displaystyle  \rm cm "">\(\displaystyle \rm cm \)</span>라고 하면 □<span data-mathinfo=""86,1000,8640,975;;times2times3.14=200.96"" class=""itexmath"" contenteditable=""false"" data-latex=""\displaystyle  \times 2\times 3.14=200.96 "">\(\displaystyle \times 2\times 3.14=200.96 \)</span>, □<span data-mathinfo=""86,1000,10865,975;;=200.96divide3.14divide2=32"" class=""itexmath"" contenteditable=""false"" data-latex=""\displaystyle  =200.96\div 3.14\div 2=32 "">\(\displaystyle =200.96\div 3.14\div 2=32 \)</span>입니다.</p><p class=""para0"" style=""text-align:left;color:black;"">따라서 원의 반지름은 <span data-mathinfo=""86,1000,2725,1000;;32``rmcm"" class=""itexmath"" contenteditable=""false"" data-latex=""\displaystyle  32 \rm cm "">\(\displaystyle 32 \rm cm \)</span>입니다.</p>"
H11HB049A0003000T23,"<p class=""para0"" style=""text-align:left;color:black;"">복소수 <span data-mathinfo=""66,1000,3105,2250;;{1} over {x-y i} "" class=""itexmath"" contenteditable=""false"" data-latex=""\displaystyle  { \dfrac { 1 } { x-y i } } "">\(\displaystyle { \dfrac { 1 } { x-y i } } \)</span>의 실수부분을 <span data-mathinfo=""86,1000,525,975;;a "" class=""itexmath"" contenteditable=""false"" data-latex=""\displaystyle  a "">\(\displaystyle a \)</span>, 허수부분을 <span data-mathinfo=""86,1000,450,975;;b "" class=""itexmath"" contenteditable=""false"" data-latex=""\displaystyle  b "">\(\displaystyle b \)</span>라 할 때, <span data-mathinfo=""89,1000,5275,1163;;a^{2}+b^{2}= 12"" class=""itexmath"" contenteditable=""false"" data-latex=""\displaystyle  { a ^ { 2 } } { +b ^ { 2 } } = 12 "">\(\displaystyle { a ^ { 2 } } { +b ^ { 2 } } = 12 \)</span>를 만족시킨다. 이때, <span data-mathinfo=""61,1000,3540,2438;;{1} over {x^{2}+y^{2}} "" class=""itexmath"" contenteditable=""false"" data-latex=""\displaystyle  { \dfrac { 1 } { { x ^ { 2 } } { +y ^ { 2 } } } } "">\(\displaystyle { \dfrac { 1 } { { x ^ { 2 } } { +y ^ { 2 } } } } \)</span>의 값을 구하시오. (단, <span data-mathinfo=""86,1000,600,975;;x"" class=""itexmath"" contenteditable=""false"" data-latex=""\displaystyle  x "">\(\displaystyle x \)</span>, <span data-mathinfo=""86,1000,525,975;; y "" class=""itexmath"" contenteditable=""false"" data-latex=""\displaystyle  y "">\(\displaystyle y \)</span>는 실수이다.)</p>","<p class=""para0"" style=""text-align:left;color:black;""><span data-mathinfo=""66,1000,6595,2250;;{1} over {x-yi} =a+bi  "" class=""itexmath"" contenteditable=""false"" data-latex=""\displaystyle  { \dfrac { 1 } { x-yi } } =a+bi "">\(\displaystyle { \dfrac { 1 } { x-yi } } =a+bi \)</span>에서</p><p class=""para0"" style=""text-align:left;color:black;""><span data-mathinfo=""61,1000,20695,2438;;x-yi= {1} over {a+bi} = {a-bi} over {a ^{2} +b ^{2}} = {a-bi} over {12} = {a} over {12} - {b} over {12} i"" class=""itexmath"" contenteditable=""false"" data-latex=""\displaystyle  x-yi= { \dfrac { 1 } { a+bi } } = { \dfrac { a-bi } { { a ^ { 2 } } { +b ^ { 2 } } } } = { \frac { a-bi } { 12 } } = { \frac { a } { 12 } } - { \dfrac { b } { 12 } } i "">\(\displaystyle x-yi= { \dfrac { 1 } { a+bi } } = { \dfrac { a-bi } { { a ^ { 2 } } { +b ^ { 2 } } } } = { \frac { a-bi } { 12 } } = { \frac { a } { 12 } } - { \dfrac { b } { 12 } } i \)</span></p><p class=""para0"" style=""text-align:left;color:black;"">복소수가 서로 같을 조건에 의하여</p><p class=""para0"" style=""text-align:left;color:black;""><span data-mathinfo=""66,1000,3395,2250;;x={a} over {12}"" class=""itexmath"" contenteditable=""false"" data-latex=""\displaystyle  x= { \dfrac { a } { 12 } } "">\(\displaystyle x= { \dfrac { a } { 12 } } \)</span>, <span data-mathinfo=""66,1000,3320,2250;; y= {b} over {12} "" class=""itexmath"" contenteditable=""false"" data-latex=""\displaystyle  y= { \dfrac { b } { 12 } } "">\(\displaystyle y= { \dfrac { b } { 12 } } \)</span></p><p class=""para0"" style=""text-align:left;color:black;""><span data-mathinfo=""64,1000,13310,2626;;x ^{2} +y ^{2} = {a ^{2} +b ^{2}} over {12 ^{2}} = {12} over {12 ^{2}} = {1} over {12}"" class=""itexmath"" contenteditable=""false"" data-latex=""\displaystyle  { x ^ { 2 } } { +y ^ { 2 } } = { \frac { { a ^ { 2 } } { +b ^ { 2 } } } { 12 ^ { 2 } } } = { \frac { 12 } { 12 ^ { 2 } } } = { \frac { 1 } { 12 } } "">\(\displaystyle { x ^ { 2 } } { +y ^ { 2 } } = { \frac { { a ^ { 2 } } { +b ^ { 2 } } } { 12 ^ { 2 } } } = { \frac { 12 } { 12 ^ { 2 } } } = { \frac { 1 } { 12 } } \)</span></p><p class=""para0"" style=""text-align:left;color:black;""><span data-mathinfo=""86,1000,1050,975;;therefore"" class=""itexmath"" contenteditable=""false"" data-latex=""\displaystyle  \therefore "">\(\displaystyle \therefore \)</span> <span data-mathinfo=""61,1000,5625,2438;;   {1} over {x^{2}+y^{2}}= 12  "" class=""itexmath"" contenteditable=""false"" data-latex=""\displaystyle  { \dfrac { 1 } { { x ^ { 2 } } { +y ^ { 2 } } } } = 12 "">\(\displaystyle { \dfrac { 1 } { { x ^ { 2 } } { +y ^ { 2 } } } } = 12 \)</span></p><p class=""para0"" style=""text-align:left;color:black;""><br></p><p class=""para0"" style=""text-align:left;color:black;"">&lt;다른 풀이&gt;</p><p class=""para0"" style=""text-align:left;color:black;""><span data-mathinfo=""66,1000,6595,2250;;{1} over {x - y i}=a+b i    "" class=""itexmath"" contenteditable=""false"" data-latex=""\displaystyle  { \dfrac { 1 } { x - y i } } =a+b i "">\(\displaystyle { \dfrac { 1 } { x - y i } } =a+b i \)</span>에서</p><p class=""para0"" style=""text-align:left;color:black;""><span data-mathinfo=""86,1000,8330,975;;1= LEFT(a+b i RIGHT) LEFT(x-y i RIGHT)   "" class=""itexmath"" contenteditable=""false"" data-latex=""\displaystyle  1= { \left ( a+b i \right ) } { \left ( x-y i \right ) } "">\(\displaystyle 1= { \left ( a+b i \right ) } { \left ( x-y i \right ) } \)</span> <span data-mathinfo=""86,1000,2100,975;;CDOTS    CDOTS "" class=""itexmath"" contenteditable=""false"" data-latex=""\displaystyle  \cdots \cdots "">\(\displaystyle \cdots \cdots \)</span> ㉠ </p><p class=""para0"" style=""text-align:left;color:black;"">또한, <span data-mathinfo=""89,1000,8330,1170;;bar{1}=bar{ LEFT(a+b i RIGHT) LEFT(x - y i RIGHT)} "" class=""itexmath"" contenteditable=""false"" data-latex=""\displaystyle  \overline { 1 } = \overline { { \left ( a+b i \right ) } { \left ( x - y i \right ) } } "">\(\displaystyle \overline { 1 } = \overline { { \left ( a+b i \right ) } { \left ( x - y i \right ) } } \)</span>이므로</p><p class=""para0"" style=""text-align:left;color:black;""><span data-mathinfo=""86,1000,8330,975;;1= LEFT(a-b i RIGHT) LEFT(x + y i RIGHT) "" class=""itexmath"" contenteditable=""false"" data-latex=""\displaystyle  1= { \left ( a-b i \right ) } { \left ( x + y i \right ) } "">\(\displaystyle 1= { \left ( a-b i \right ) } { \left ( x + y i \right ) } \)</span> <span data-mathinfo=""86,1000,2100,975;;CDOTS    CDOTS "" class=""itexmath"" contenteditable=""false"" data-latex=""\displaystyle  \cdots \cdots "">\(\displaystyle \cdots \cdots \)</span> ㉡</p><p class=""para0"" style=""text-align:left;color:black;"">㉠, ㉡을 변끼리 곱하면</p><p class=""para0"" style=""text-align:left;color:black;""><span data-mathinfo=""86,1000,14890,975;;1  = LEFT(a+b i RIGHT) LEFT(x-y i RIGHT) LEFT(a-b i RIGHT) LEFT(x+y i RIGHT) "" class=""itexmath"" contenteditable=""false"" data-latex=""\displaystyle  1 = { \left ( a+b i \right ) } { \left ( x-y i \right ) } { \left ( a-b i \right ) } { \left ( x+y i \right ) } "">\(\displaystyle 1 = { \left ( a+b i \right ) } { \left ( x-y i \right ) } { \left ( a-b i \right ) } { \left ( x+y i \right ) } \)</span></p><p class=""para0"" style=""text-align:left;text-indent:0.608em !important;margin-left:0em !important;color:black;""><span data-mathinfo=""89,1000,8465,1163;;= LEFT(a^{2}+b^{2} RIGHT) LEFT(x^{2}+y^{2} RIGHT) "" class=""itexmath"" contenteditable=""false"" data-latex=""\displaystyle  = { \left ( { a ^ { 2 } } { +b ^ { 2 } } \right ) } { \left ( { x ^ { 2 } } { +y ^ { 2 } } \right ) } "">\(\displaystyle = { \left ( { a ^ { 2 } } { +b ^ { 2 } } \right ) } { \left ( { x ^ { 2 } } { +y ^ { 2 } } \right ) } \)</span></p><p class=""para0"" style=""text-align:left;text-indent:0.608em !important;margin-left:0em !important;color:black;""><span data-mathinfo=""89,1000,5875,1163;;= 12  LEFT(x^{2}+y^{2} RIGHT)"" class=""itexmath"" contenteditable=""false"" data-latex=""\displaystyle  = 12 { \left ( { x ^ { 2 } } { +y ^ { 2 } } \right ) } "">\(\displaystyle = 12 { \left ( { x ^ { 2 } } { +y ^ { 2 } } \right ) } \)</span></p><p class=""para0"" style=""text-align:left;color:black;""><span data-mathinfo=""86,1000,1050,975;;therefore"" class=""itexmath"" contenteditable=""false"" data-latex=""\displaystyle  \therefore "">\(\displaystyle \therefore \)</span> <span data-mathinfo=""61,1000,5625,2438;;     {1} over {x^{2}+y^{2}}= 12     "" class=""itexmath"" contenteditable=""false"" data-latex=""\displaystyle  { \dfrac { 1 } { { x ^ { 2 } } { +y ^ { 2 } } } } = 12 "">\(\displaystyle { \dfrac { 1 } { { x ^ { 2 } } { +y ^ { 2 } } } } = 12 \)</span></p>"
E42EC124A001400T22,"<p class=""para0"" style=""text-align:left;color:black;""><span data-mathinfo=""86,1000,2200,1000;;50` rm `m"" class=""itexmath"" contenteditable=""false"" data-latex=""\displaystyle  50 \rm m "">\(\displaystyle 50 \rm m \)</span>와 <span data-mathinfo=""86,1000,2725,1000;;100` rm `m"" class=""itexmath"" contenteditable=""false"" data-latex=""\displaystyle  100 \rm m "">\(\displaystyle 100 \rm m \)</span> 달리기 중 기록이 더 빠른 속도로 좋아지고 있는 종목은 어느 것일까요?</p><p class=""para0"" style=""text-align:right;color:black;""><span data-mathinfo=""78,1000,3255,1195;;{BOX{~~~~}} ``rmm"" class=""itexmath itexboxevt_parent"" contenteditable=""false"" data-latex=""\displaystyle  { \class{itexboxevt}{} \boxed { \,\, \,\, \,\, \,\, \mathstrut } } \rm m "">\(\displaystyle { \class{itexboxevt}{} \boxed { \,\, \,\, \,\, \,\, \mathstrut } } \rm m \)</span> 달리기</p>","<p class=""para0"" style=""text-align:left;color:black;"">꺾은선그래프에서 선의 기울기가 더 많이 기울어진 것은 <span data-mathinfo=""86,1000,2200,1000;;50` rm `m"" class=""itexmath"" contenteditable=""false"" data-latex=""\displaystyle  50 \rm m "">\(\displaystyle 50 \rm m \)</span> 달리기입니다.</p>"
E52ZA602E000400T22,"<p class=""para0"" style=""text-align:left;color:black;"">□ 안에 알맞은 수를 써넣으세요.</p><div class=""para0"" style=""text-align:center;color:black;""><div class=""itex_normal_box"" style=""width: 282px;""><p class=""para0"" style=""text-align:left;color:black;"">나영이네 모둠 학생들은 평균 <span data-mathinfo=""78,1000,1105,1195;;box~~"" class=""itexmath itexboxevt_parent"" contenteditable=""false"" data-latex=""\displaystyle  \class{itexboxevt}{} \boxed { \,\, \,\, \mathstrut } "">\(\displaystyle \class{itexboxevt}{} \boxed { \,\, \,\, \mathstrut } \)</span>권의 공책을 가지고 있습니다.</p></div></div>","<p class=""para0"" style=""text-align:left;color:black;"">평균을 <span data-mathinfo=""86,1000,525,975;;7"" class=""itexmath"" contenteditable=""false"" data-latex=""\displaystyle  7 "">\(\displaystyle 7 \)</span>권으로 예상한 후 <span data-mathinfo=""86,1000,525,975;;7"" class=""itexmath"" contenteditable=""false"" data-latex=""\displaystyle  7 "">\(\displaystyle 7 \)</span>, <span data-mathinfo=""86,1000,2740,1000;;(5,~9)"" class=""itexmath"" contenteditable=""false"" data-latex=""\displaystyle  (5, \,\, 9) "">\(\displaystyle (5, \,\, 9) \)</span>, <span data-mathinfo=""86,1000,2740,1000;;(8,~6)"" class=""itexmath"" contenteditable=""false"" data-latex=""\displaystyle  (8, \,\, 6) "">\(\displaystyle (8, \,\, 6) \)</span>으로 수를 옮기고 짝 지어 자료의 값을 고르게 하면 대표적으로 한 학생이 <span data-mathinfo=""86,1000,525,975;;7"" class=""itexmath"" contenteditable=""false"" data-latex=""\displaystyle  7 "">\(\displaystyle 7 \)</span>권의 공책을 가지고 있다고 말할 수 있습니다.</p>"
M32AC075A03_100T22,"<p class=""para0"" style=""text-align:left;color:black;"">변량 <span data-mathinfo=""86,1000,525,975;;a"" class=""itexmath"" contenteditable=""false"" data-latex=""\displaystyle  a "">\(\displaystyle a \)</span>, <span data-mathinfo=""86,1000,450,975;;b"" class=""itexmath"" contenteditable=""false"" data-latex=""\displaystyle  b "">\(\displaystyle b \)</span>, <span data-mathinfo=""86,1000,450,975;;c"" class=""itexmath"" contenteditable=""false"" data-latex=""\displaystyle  c "">\(\displaystyle c \)</span>, <span data-mathinfo=""86,1000,525,975;;3"" class=""itexmath"" contenteditable=""false"" data-latex=""\displaystyle  3 "">\(\displaystyle 3 \)</span>, <span data-mathinfo=""86,1000,525,975;;5"" class=""itexmath"" contenteditable=""false"" data-latex=""\displaystyle  5 "">\(\displaystyle 5 \)</span>, <span data-mathinfo=""86,1000,525,975;;5"" class=""itexmath"" contenteditable=""false"" data-latex=""\displaystyle  5 "">\(\displaystyle 5 \)</span>, <span data-mathinfo=""86,1000,525,975;;7"" class=""itexmath"" contenteditable=""false"" data-latex=""\displaystyle  7 "">\(\displaystyle 7 \)</span>, <span data-mathinfo=""86,1000,1050,975;;10"" class=""itexmath"" contenteditable=""false"" data-latex=""\displaystyle  10 "">\(\displaystyle 10 \)</span>, <span data-mathinfo=""86,1000,1050,975;;12"" class=""itexmath"" contenteditable=""false"" data-latex=""\displaystyle  12 "">\(\displaystyle 12 \)</span>, <span data-mathinfo=""86,1000,1050,975;;15"" class=""itexmath"" contenteditable=""false"" data-latex=""\displaystyle  15 "">\(\displaystyle 15 \)</span>의 중앙값이 <span data-mathinfo=""86,1000,525,975;;9"" class=""itexmath"" contenteditable=""false"" data-latex=""\displaystyle  9 "">\(\displaystyle 9 \)</span>이고 최빈값이 <span data-mathinfo=""86,1000,1050,975;;12"" class=""itexmath"" contenteditable=""false"" data-latex=""\displaystyle  12 "">\(\displaystyle 12 \)</span>뿐일 때, <span data-mathinfo=""86,1000,3635,975;;a+b+c"" class=""itexmath"" contenteditable=""false"" data-latex=""\displaystyle  a+b+c "">\(\displaystyle a+b+c \)</span>의 값은?</p><div class=""level4""><div class=""sel_list""><p class=""para0"" style=""text-align:left;color:black;""><span class=""sel_num_po"">① </span><span data-mathinfo=""86,1000,1050,975;;30"" class=""itexmath"" contenteditable=""false"" data-latex=""\displaystyle  30 "">\(\displaystyle 30 \)</span></p></div><div class=""sel_list""><p class=""para0"" style=""text-align:left;color:black;""><span class=""sel_num_po"">② </span><span data-mathinfo=""86,1000,1050,975;;31"" class=""itexmath"" contenteditable=""false"" data-latex=""\displaystyle  31 "">\(\displaystyle 31 \)</span></p></div><div class=""sel_list""><p class=""para0"" style=""text-align:left;color:black;""><span class=""sel_num_po"">③ </span><span data-mathinfo=""86,1000,1050,975;;32"" class=""itexmath"" contenteditable=""false"" data-latex=""\displaystyle  32 "">\(\displaystyle 32 \)</span></p></div><div class=""sel_list""><p class=""para0"" style=""text-align:left;color:black;""><span class=""sel_num_po"">④ </span><span data-mathinfo=""86,1000,1050,975;;33"" class=""itexmath"" contenteditable=""false"" data-latex=""\displaystyle  33 "">\(\displaystyle 33 \)</span></p></div><div class=""sel_list""><p class=""para0"" style=""text-align:left;color:black;""><span class=""sel_num_po"">⑤ </span><span data-mathinfo=""86,1000,1050,975;;34"" class=""itexmath"" contenteditable=""false"" data-latex=""\displaystyle  34 "">\(\displaystyle 34 \)</span></p></div></div>","<p class=""para0"" style=""text-align:left;color:black;"">최빈값이 <span data-mathinfo=""86,1000,1050,975;;12"" class=""itexmath"" contenteditable=""false"" data-latex=""\displaystyle  12 "">\(\displaystyle 12 \)</span>뿐이므로 <span data-mathinfo=""86,1000,525,975;;a"" class=""itexmath"" contenteditable=""false"" data-latex=""\displaystyle  a "">\(\displaystyle a \)</span>, <span data-mathinfo=""86,1000,450,975;;b"" class=""itexmath"" contenteditable=""false"" data-latex=""\displaystyle  b "">\(\displaystyle b \)</span>, <span data-mathinfo=""86,1000,450,975;;c"" class=""itexmath"" contenteditable=""false"" data-latex=""\displaystyle  c "">\(\displaystyle c \)</span> 중 적어도 <span data-mathinfo=""86,1000,525,975;;2"" class=""itexmath"" contenteditable=""false"" data-latex=""\displaystyle  2 "">\(\displaystyle 2 \)</span>개는 <span data-mathinfo=""86,1000,1050,975;;12"" class=""itexmath"" contenteditable=""false"" data-latex=""\displaystyle  12 "">\(\displaystyle 12 \)</span>이어야 한다.</p><p class=""para0"" style=""text-align:left;color:black;""><span data-mathinfo=""86,1000,2820,975;;a=12"" class=""itexmath"" contenteditable=""false"" data-latex=""\displaystyle  a=12 "">\(\displaystyle a=12 \)</span>, <span data-mathinfo=""86,1000,2745,975;;b=12"" class=""itexmath"" contenteditable=""false"" data-latex=""\displaystyle  b=12 "">\(\displaystyle b=12 \)</span>, <span data-mathinfo=""86,1000,2305,975;;c != 5"" class=""itexmath"" contenteditable=""false"" data-latex=""\displaystyle  c \ne 5 "">\(\displaystyle c \ne 5 \)</span>라 하면 중앙값은 <span data-mathinfo=""86,1000,525,975;;9"" class=""itexmath"" contenteditable=""false"" data-latex=""\displaystyle  9 "">\(\displaystyle 9 \)</span>이므로</p><p class=""para0"" style=""text-align:left;color:black;""><span data-mathinfo=""86,1000,4665,975;;7<c<10"" class=""itexmath"" contenteditable=""false"" data-latex=""\displaystyle  7 \lt c \lt 10 "">\(\displaystyle 7 \lt c \lt 10 \)</span></p><p class=""para0"" style=""text-align:left;color:black;"">따라서 <span data-mathinfo=""66,1000,4665,2250;;{c+10} over {2} =9"" class=""itexmath"" contenteditable=""false"" data-latex=""\displaystyle  { \dfrac { c+10 } { 2 } } =9 "">\(\displaystyle { \dfrac { c+10 } { 2 } } =9 \)</span>이므로 <span data-mathinfo=""86,1000,2220,975;;c=8"" class=""itexmath"" contenteditable=""false"" data-latex=""\displaystyle  c=8 "">\(\displaystyle c=8 \)</span></p><p class=""para0"" style=""text-align:left;color:black;""><span data-mathinfo=""86,1000,1050,975;;THEREFORE "" class=""itexmath"" contenteditable=""false"" data-latex=""\displaystyle  \therefore "">\(\displaystyle \therefore \)</span> <span data-mathinfo=""86,1000,5930,975;;a+b+c=32"" class=""itexmath"" contenteditable=""false"" data-latex=""\displaystyle  a+b+c=32 "">\(\displaystyle a+b+c=32 \)</span></p>"
E41EA017A003200T22,"<p class=""para0"" style=""text-align:left;color:black;"">수 카드를 모두 한 번씩 사용하여 만의 자리 숫자가 <span data-mathinfo=""86,1000,525,975;;7"" class=""itexmath"" contenteditable=""false"" data-latex=""\displaystyle  7 "">\(\displaystyle 7 \)</span>인 여섯 자리 수를 만들려고 합니다. 만들 수 있는 가장 작은 수를 구해 보세요.</p><p class=""img_wrap"" style=""text-align:center;color:black;""><img style=""width:196px;"" src=""https://dela4pam71omq.cloudfront.net/svc07/2023/03/21/0xADBA0784C7E111ED8965D839DFA9ECE9.png"" data-width=""34px, 196px""></p>","<p class=""para0"" style=""text-align:left;color:black;"">만의 자리 숫자가 <span data-mathinfo=""86,1000,525,975;;7"" class=""itexmath"" contenteditable=""false"" data-latex=""\displaystyle  7 "">\(\displaystyle 7 \)</span>인 여섯 자리 수 ➡ □<span data-mathinfo=""86,1000,525,975;;7"" class=""itexmath"" contenteditable=""false"" data-latex=""\displaystyle  7 "">\(\displaystyle 7 \)</span>□□□□</p><p class=""para0"" style=""text-align:left;color:black;"">가장 작은 수를 만들려면 높은 자리부터 작은 수를 차례대로 놓으면 됩니다.</p><p class=""para0"" style=""text-align:left;color:black;""><span data-mathinfo=""86,1000,7905,975;;0<1<2<5<8"" class=""itexmath"" contenteditable=""false"" data-latex=""\displaystyle  0 \lt 1 \lt 2 \lt 5 \lt 8 "">\(\displaystyle 0 \lt 1 \lt 2 \lt 5 \lt 8 \)</span>이고 <span data-mathinfo=""86,1000,525,975;;0"" class=""itexmath"" contenteditable=""false"" data-latex=""\displaystyle  0 "">\(\displaystyle 0 \)</span>은 맨 앞자리에 놓을 수 없으므로 만의 자리 숫자가 <span data-mathinfo=""86,1000,525,975;;7"" class=""itexmath"" contenteditable=""false"" data-latex=""\displaystyle  7 "">\(\displaystyle 7 \)</span>인 가장 작은 수는 <span data-mathinfo=""86,1000,3150,975;;170258"" class=""itexmath"" contenteditable=""false"" data-latex=""\displaystyle  170258 "">\(\displaystyle 170258 \)</span>입니다.</p>"
E31DE053A000500T22,"<p class=""para0"" style=""text-align:left;color:black;"">형훈이는 사과 전체의 <span data-mathinfo=""86,1000,1350,975;;0.3"" class=""itexmath"" contenteditable=""false"" data-latex=""\displaystyle  0.3 "">\(\displaystyle 0.3 \)</span>을 먹었습니다. 형훈이가 먹고 남은 양은 전체 사과의 얼마인지 소수로 나타내려고 합니다. 풀이 과정을 쓰고 답을 구해 보세요.</p>","<p class=""para0"" style=""text-align:left;color:black;"">(예) 형훈이는 사과 전체의 <span data-mathinfo=""86,1000,1350,975;;0.3"" class=""itexmath"" contenteditable=""false"" data-latex=""\displaystyle  0.3 "">\(\displaystyle 0.3 \)</span>을 먹었으므로 사과 전체를 <span data-mathinfo=""86,1000,1050,975;;10"" class=""itexmath"" contenteditable=""false"" data-latex=""\displaystyle  10 "">\(\displaystyle 10 \)</span>조각으로 나눈 것 중에 <span data-mathinfo=""86,1000,525,975;;3"" class=""itexmath"" contenteditable=""false"" data-latex=""\displaystyle  3 "">\(\displaystyle 3 \)</span>조각을 먹은 것입니다.</p><p class=""para0"" style=""text-align:left;color:black;"">따라서 남은 양은 <span data-mathinfo=""86,1000,1050,975;;10"" class=""itexmath"" contenteditable=""false"" data-latex=""\displaystyle  10 "">\(\displaystyle 10 \)</span>조각 중에 <span data-mathinfo=""86,1000,525,975;;7"" class=""itexmath"" contenteditable=""false"" data-latex=""\displaystyle  7 "">\(\displaystyle 7 \)</span>조각이므로 <span data-mathinfo=""66,1000,1550,2250;;{7} over {10}"" class=""itexmath"" contenteditable=""false"" data-latex=""\displaystyle  { \dfrac { 7 } { 10 } } "">\(\displaystyle { \dfrac { 7 } { 10 } } \)</span>이고 소수로 나타내면 <span data-mathinfo=""86,1000,1350,975;;0.7"" class=""itexmath"" contenteditable=""false"" data-latex=""\displaystyle  0.7 "">\(\displaystyle 0.7 \)</span>입니다.</p>"
M11AA111A083600T22,"<p class=""para0"" style=""text-align:left;color:black;"">등식의 성질을 이용하여 <span data-mathinfo=""86,1000,4000,975;;x-2=7"" class=""itexmath"" contenteditable=""false"" data-latex=""\displaystyle  x-2=7 "">\(\displaystyle x-2=7 \)</span>을 푸시오.</p>","<p class=""para0"" style=""text-align:left;color:black;""><span data-mathinfo=""86,1000,2230,975;;x-2"" class=""itexmath"" contenteditable=""false"" data-latex=""\displaystyle  x-2 "">\(\displaystyle x-2 \)</span><span data-mathinfo=""86,1000,1560,975;;=7"" class=""itexmath"" contenteditable=""false"" data-latex=""\displaystyle  =7 "">\(\displaystyle =7 \)</span>의 양변에 <span data-mathinfo=""86,1000,525,975;;2"" class=""itexmath"" contenteditable=""false"" data-latex=""\displaystyle  2 "">\(\displaystyle 2 \)</span>를 더하면</p><p class=""para0"" style=""text-align:left;color:black;""><span data-mathinfo=""86,1000,3860,975;;x-2+2"" class=""itexmath"" contenteditable=""false"" data-latex=""\displaystyle  x-2+2 "">\(\displaystyle x-2+2 \)</span><span data-mathinfo=""86,1000,3190,975;;=7+2"" class=""itexmath"" contenteditable=""false"" data-latex=""\displaystyle  =7+2 "">\(\displaystyle =7+2 \)</span></p><p class=""para0"" style=""text-align:left;color:black;""><span data-mathinfo=""86,1000,1050,975;;THEREFORE"" class=""itexmath"" contenteditable=""false"" data-latex=""\displaystyle  \therefore "">\(\displaystyle \therefore \)</span> <span data-mathinfo=""86,1000,600,975;;x"" class=""itexmath"" contenteditable=""false"" data-latex=""\displaystyle  x "">\(\displaystyle x \)</span><span data-mathinfo=""86,1000,1560,975;;=9"" class=""itexmath"" contenteditable=""false"" data-latex=""\displaystyle  =9 "">\(\displaystyle =9 \)</span></p>"
M21BA068A041200T22,"<p class=""para0"" style=""text-align:left;color:black;""><span data-mathinfo=""86,1000,5405,975;;-3<x LEQ2"" class=""itexmath"" contenteditable=""false"" data-latex=""\displaystyle  -3 \lt x \le 2 "">\(\displaystyle -3 \lt x \le 2 \)</span>일 때, <span data-mathinfo=""86,1000,2755,975;;2x-1"" class=""itexmath"" contenteditable=""false"" data-latex=""\displaystyle  2x-1 "">\(\displaystyle 2x-1 \)</span>의 값이 될 수 있는 정수의 개수를 구하시오.</p>","<p class=""para0"" style=""text-align:left;color:black;""><span data-mathinfo=""86,1000,5405,975;;-3<x leq2"" class=""itexmath"" contenteditable=""false"" data-latex=""\displaystyle  -3 \lt x \le 2 "">\(\displaystyle -3 \lt x \le 2 \)</span>에서 <span data-mathinfo=""86,1000,5930,975;;-6<2x leq4"" class=""itexmath"" contenteditable=""false"" data-latex=""\displaystyle  -6 \lt 2x \le 4 "">\(\displaystyle -6 \lt 2x \le 4 \)</span></p><p class=""para0"" style=""text-align:left;color:black;""><span data-mathinfo=""86,1000,1050,975;;therefore"" class=""itexmath"" contenteditable=""false"" data-latex=""\displaystyle  \therefore "">\(\displaystyle \therefore \)</span> <span data-mathinfo=""86,1000,7560,975;;-7<2x-1 LEQ 3"" class=""itexmath"" contenteditable=""false"" data-latex=""\displaystyle  -7 \lt 2x-1 \le 3 "">\(\displaystyle -7 \lt 2x-1 \le 3 \)</span></p><p class=""para0"" style=""text-align:left;color:black;"">따라서 <span data-mathinfo=""86,1000,2755,975;;2x-1"" class=""itexmath"" contenteditable=""false"" data-latex=""\displaystyle  2x-1 "">\(\displaystyle 2x-1 \)</span>의 값이 될 수 있는 정수는 <span data-mathinfo=""86,1000,1490,975;;-6"" class=""itexmath"" contenteditable=""false"" data-latex=""\displaystyle  -6 "">\(\displaystyle -6 \)</span>, <span data-mathinfo=""86,1000,1490,975;;-5"" class=""itexmath"" contenteditable=""false"" data-latex=""\displaystyle  -5 "">\(\displaystyle -5 \)</span>, <span data-mathinfo=""86,1000,1490,975;;-4"" class=""itexmath"" contenteditable=""false"" data-latex=""\displaystyle  -4 "">\(\displaystyle -4 \)</span>, <span data-mathinfo=""86,1000,1490,975;;-3"" class=""itexmath"" contenteditable=""false"" data-latex=""\displaystyle  -3 "">\(\displaystyle -3 \)</span>, <span data-mathinfo=""86,1000,1490,975;;-2"" class=""itexmath"" contenteditable=""false"" data-latex=""\displaystyle  -2 "">\(\displaystyle -2 \)</span>, <span data-mathinfo=""86,1000,1490,975;;-1"" class=""itexmath"" contenteditable=""false"" data-latex=""\displaystyle  -1 "">\(\displaystyle -1 \)</span>, <span data-mathinfo=""86,1000,525,975;;0"" class=""itexmath"" contenteditable=""false"" data-latex=""\displaystyle  0 "">\(\displaystyle 0 \)</span>, <span data-mathinfo=""86,1000,525,975;;1"" class=""itexmath"" contenteditable=""false"" data-latex=""\displaystyle  1 "">\(\displaystyle 1 \)</span>, <span data-mathinfo=""86,1000,525,975;;2"" class=""itexmath"" contenteditable=""false"" data-latex=""\displaystyle  2 "">\(\displaystyle 2 \)</span>, <span data-mathinfo=""86,1000,525,975;;3"" class=""itexmath"" contenteditable=""false"" data-latex=""\displaystyle  3 "">\(\displaystyle 3 \)</span>의 <span data-mathinfo=""86,1000,1050,975;;10"" class=""itexmath"" contenteditable=""false"" data-latex=""\displaystyle  10 "">\(\displaystyle 10 \)</span>개이다.</p>"
M12AD038A001500T22,"<p class=""para0"" style=""text-align:left;color:black;"">다음 그림과 같이 <span data-mathinfo=""88,1000,1605,1195;;bar{rmAB}"" class=""itexmath"" contenteditable=""false"" data-latex=""\displaystyle  \overline { \rm AB } "">\(\displaystyle \overline { \rm AB } \)</span>가 지름인 원 <span data-mathinfo=""86,1000,750,1000;;rmO"" class=""itexmath"" contenteditable=""false"" data-latex=""\displaystyle  \rm O "">\(\displaystyle \rm O \)</span>에서 <span data-mathinfo=""88,1000,4260,1195;;bar{rmAC}⫽bar{rmOD}"" class=""itexmath"" contenteditable=""false"" data-latex=""\displaystyle  \overline { \rm AC } // \overline { \rm OD } "">\(\displaystyle \overline { \rm AC } // \overline { \rm OD } \)</span>이고 <span data-mathinfo=""83,1000,1425,1260;;arch{rmBD}"" class=""itexmath"" contenteditable=""false"" data-latex=""\displaystyle  \overset {\frown} { \rm BD } "">\(\displaystyle \overset {\frown} { \rm BD } \)</span><span data-mathinfo=""86,1000,3110,1000;;=4 `rmcm"" class=""itexmath"" contenteditable=""false"" data-latex=""\displaystyle  =4 \rm cm "">\(\displaystyle =4 \rm cm \)</span>일 때, <span data-mathinfo=""83,1000,1425,1260;;arch{rmCD}"" class=""itexmath"" contenteditable=""false"" data-latex=""\displaystyle  \overset {\frown} { \rm CD } "">\(\displaystyle \overset {\frown} { \rm CD } \)</span>의 길이를 구하시오.</p><p class=""img_wrap"" style=""text-align:center;color:black;""><img style=""width:118px;"" src=""https://dela4pam71omq.cloudfront.net/svc07/2024/08/19/0x5EB307C65E1711EFB6FFFBFC20CAEA7D.png"" data-width=""90px, 118px""></p>","<p class=""para0"" style=""text-align:left;color:black;""><span data-mathinfo=""86,1000,3225,1000;;ANGLE rmBOD"" class=""itexmath"" contenteditable=""false"" data-latex=""\displaystyle  \angle \rm BOD "">\(\displaystyle \angle \rm BOD \)</span><span data-mathinfo=""86,1000,2685,1000;;=it ANGLE x"" class=""itexmath"" contenteditable=""false"" data-latex=""\displaystyle  =\it \angle x "">\(\displaystyle =\it \angle x \)</span>라 하면</p><p class=""para0"" style=""text-align:left;color:black;""><span data-mathinfo=""86,1000,3300,1000;;ANGLE rmOAC"" class=""itexmath"" contenteditable=""false"" data-latex=""\displaystyle  \angle \rm OAC "">\(\displaystyle \angle \rm OAC \)</span><span data-mathinfo=""86,1000,4260,1000;;= ANGLE rmBOD"" class=""itexmath"" contenteditable=""false"" data-latex=""\displaystyle  = \angle \rm BOD "">\(\displaystyle = \angle \rm BOD \)</span><span data-mathinfo=""86,1000,2685,1000;;=it ANGLE x"" class=""itexmath"" contenteditable=""false"" data-latex=""\displaystyle  =\it \angle x "">\(\displaystyle =\it \angle x \)</span>(동위각)</p><p class=""para0"" style=""text-align:left;color:black;""><span data-mathinfo=""88,1000,1530,1195;;bar{rmOC}"" class=""itexmath"" contenteditable=""false"" data-latex=""\displaystyle  \overline { \rm OC } "">\(\displaystyle \overline { \rm OC } \)</span>를 그으면 <span data-mathinfo=""86,1000,3300,1000;;TRIANGLE rmOAC"" class=""itexmath"" contenteditable=""false"" data-latex=""\displaystyle  \triangle \rm OAC "">\(\displaystyle \triangle \rm OAC \)</span>에서</p><p class=""para0"" style=""text-align:left;color:black;""><span data-mathinfo=""86,1000,3300,1000;;ANGLE rm OAC"" class=""itexmath"" contenteditable=""false"" data-latex=""\displaystyle  \angle \rm OAC "">\(\displaystyle \angle \rm OAC \)</span><span data-mathinfo=""86,1000,4335,1000;;=ANGLE rm OCA"" class=""itexmath"" contenteditable=""false"" data-latex=""\displaystyle  =\angle \rm OCA "">\(\displaystyle =\angle \rm OCA \)</span><span data-mathinfo=""86,1000,2685,1000;;= it ANGLE x"" class=""itexmath"" contenteditable=""false"" data-latex=""\displaystyle  = \it \angle x "">\(\displaystyle = \it \angle x \)</span>이므로 </p><p class=""para0"" style=""text-align:left;color:black;""><span data-mathinfo=""86,1000,3300,1000;;ANGLE rm OCA"" class=""itexmath"" contenteditable=""false"" data-latex=""\displaystyle  \angle \rm OCA "">\(\displaystyle \angle \rm OCA \)</span><span data-mathinfo=""86,1000,4260,1000;;= ANGLE  rm COD"" class=""itexmath"" contenteditable=""false"" data-latex=""\displaystyle  = \angle \rm COD "">\(\displaystyle = \angle \rm COD \)</span><span data-mathinfo=""86,1000,2685,1000;;= it ANGLE x"" class=""itexmath"" contenteditable=""false"" data-latex=""\displaystyle  = \it \angle x "">\(\displaystyle = \it \angle x \)</span>(엇각)</p><p class=""para0"" style=""text-align:left;color:black;""><span data-mathinfo=""86,1000,1050,975;;THEREFORE"" class=""itexmath"" contenteditable=""false"" data-latex=""\displaystyle  \therefore "">\(\displaystyle \therefore \)</span> <span data-mathinfo=""83,1000,1425,1260;;arch{rmCD}"" class=""itexmath"" contenteditable=""false"" data-latex=""\displaystyle  \overset {\frown} { \rm CD } "">\(\displaystyle \overset {\frown} { \rm CD } \)</span><span data-mathinfo=""83,1000,2460,1260;;=arch{rmBD}"" class=""itexmath"" contenteditable=""false"" data-latex=""\displaystyle  = \overset {\frown} { \rm BD } "">\(\displaystyle = \overset {\frown} { \rm BD } \)</span><span data-mathinfo=""86,1000,1560,975;;=4 "" class=""itexmath"" contenteditable=""false"" data-latex=""\displaystyle  =4 "">\(\displaystyle =4 \)</span>(<span data-mathinfo=""86,1000,1425,1000;;rmcm"" class=""itexmath"" contenteditable=""false"" data-latex=""\displaystyle  \rm cm "">\(\displaystyle \rm cm \)</span>)</p>"
E52ZD202E001100T22,"<p class=""para0"" style=""text-align:left;color:black;"">다음 정육면체에서 보이지 않는 꼭짓점의 수와 보이는 면의 수의 합은 얼마일까요?</p><p class=""img_wrap"" style=""text-align:center;color:black;""><img style=""width:70px;"" src=""https://dela4pam71omq.cloudfront.net/svc07/2023/12/12/0x26D9062698BE11EE8C9AF5B420CAEA7D.png"" data-width=""68px, 70px""></p><p class=""para0"" style=""text-align:right;color:black;""><span data-mathinfo=""78,1000,1105,1195;;box{~~}"" class=""itexmath itexboxevt_parent"" contenteditable=""false"" data-latex=""\displaystyle  \class{itexboxevt}{} \boxed { \,\, \,\, \mathstrut } "">\(\displaystyle \class{itexboxevt}{} \boxed { \,\, \,\, \mathstrut } \)</span>개</p>","<p class=""para0"" style=""text-align:left;color:black;"">보이지 않는 꼭짓점은 <span data-mathinfo=""86,1000,525,975;;1"" class=""itexmath"" contenteditable=""false"" data-latex=""\displaystyle  1 "">\(\displaystyle 1 \)</span>개이고 보이는 면은 <span data-mathinfo=""86,1000,525,975;;3"" class=""itexmath"" contenteditable=""false"" data-latex=""\displaystyle  3 "">\(\displaystyle 3 \)</span>개입니다.</p><p class=""para0"" style=""text-align:left;color:black;"">➡ <span data-mathinfo=""86,1000,3925,975;;1+3 =4"" class=""itexmath"" contenteditable=""false"" data-latex=""\displaystyle  1+3 =4 "">\(\displaystyle 1+3 =4 \)</span>(개)</p>"
E61CI062A000300T22,"<p class=""para0"" style=""text-align:left;color:black;"">계산해 보세요.</p><p class=""img_wrap"" style=""text-align:center;color:black;""><img style=""width:52px;"" src=""https://dela4pam71omq.cloudfront.net/svc07/2023/12/12/0x72C03BE8988411EE8D7F52AE20CAEA7D.png"" data-width=""23px, 52px""></p>","<p class=""img_wrap"" style=""text-align:left;color:black;""><img style=""width:52px;"" src=""https://dela4pam71omq.cloudfront.net/svc07/2023/12/12/0x72C814C6988411EE8D7F52AE20CAEA7D.png"" data-width=""132px, 52px""></p>"
E11ZF101E000700R24,"<p class=""para0"" style=""text-align:left;color:black;"">수 카드에 적힌 수보다 큰 수가 <span style=""color:black;text-decoration:underline;text-decoration-color:black;"">아닌</span> 것을 고르세요.</p><p class=""img_wrap"" style=""text-align:center;color:black;""><img style=""width:28px;"" src=""https://dela4pam71omq.cloudfront.net/svc07/2024/03/21/0x69D6BC1AE72011EE87C012C620CAEA7D.png"" data-width=""34px, 28px""></p><div class=""level4""><div class=""sel_list""><p class=""para0"" style=""text-align:left;color:black;""><span class=""sel_num_po"">① </span>넷</p></div><div class=""sel_list""><p class=""para0"" style=""text-align:left;color:black;""><span class=""sel_num_po"">② </span><span data-mathinfo=""86,1000,525,975;;6"" class=""itexmath"" contenteditable=""false"" data-latex=""\displaystyle  6 "">\(\displaystyle 6 \)</span></p></div><div class=""sel_list""><p class=""para0"" style=""text-align:left;color:black;""><span class=""sel_num_po"">③ </span>일곱</p></div><div class=""sel_list""><p class=""para0"" style=""text-align:left;color:black;""><span class=""sel_num_po"">④ </span>팔</p></div><div class=""sel_list""><p class=""para0"" style=""text-align:left;color:black;""><span class=""sel_num_po"">⑤ </span><span data-mathinfo=""86,1000,525,975;;9"" class=""itexmath"" contenteditable=""false"" data-latex=""\displaystyle  9 "">\(\displaystyle 9 \)</span></p></div></div>","<p class=""para0"" style=""text-align:left;color:black;""><span data-mathinfo=""86,1000,525,975;;1"" class=""itexmath"" contenteditable=""false"" data-latex=""\displaystyle  1 "">\(\displaystyle 1 \)</span>부터 <span data-mathinfo=""86,1000,525,975;;9"" class=""itexmath"" contenteditable=""false"" data-latex=""\displaystyle  9 "">\(\displaystyle 9 \)</span>까지의 수를 순서대로 쓰면 <span data-mathinfo=""86,1000,525,975;;1"" class=""itexmath"" contenteditable=""false"" data-latex=""\displaystyle  1 "">\(\displaystyle 1 \)</span>-<span data-mathinfo=""86,1000,525,975;;2"" class=""itexmath"" contenteditable=""false"" data-latex=""\displaystyle  2 "">\(\displaystyle 2 \)</span>-<span data-mathinfo=""86,1000,525,975;;3"" class=""itexmath"" contenteditable=""false"" data-latex=""\displaystyle  3 "">\(\displaystyle 3 \)</span>-<span data-mathinfo=""86,1000,525,975;;4"" class=""itexmath"" contenteditable=""false"" data-latex=""\displaystyle  4 "">\(\displaystyle 4 \)</span>-<span data-mathinfo=""86,1000,525,975;;5"" class=""itexmath"" contenteditable=""false"" data-latex=""\displaystyle  5 "">\(\displaystyle 5 \)</span>-<span data-mathinfo=""86,1000,525,975;;6"" class=""itexmath"" contenteditable=""false"" data-latex=""\displaystyle  6 "">\(\displaystyle 6 \)</span>-<span data-mathinfo=""86,1000,525,975;;7"" class=""itexmath"" contenteditable=""false"" data-latex=""\displaystyle  7 "">\(\displaystyle 7 \)</span>-<span data-mathinfo=""86,1000,525,975;;8"" class=""itexmath"" contenteditable=""false"" data-latex=""\displaystyle  8 "">\(\displaystyle 8 \)</span>-<span data-mathinfo=""86,1000,525,975;;9"" class=""itexmath"" contenteditable=""false"" data-latex=""\displaystyle  9 "">\(\displaystyle 9 \)</span>입니다.</p><p class=""para0"" style=""text-align:left;color:black;""><span data-mathinfo=""86,1000,525,975;;5"" class=""itexmath"" contenteditable=""false"" data-latex=""\displaystyle  5 "">\(\displaystyle 5 \)</span>보다 큰 수는 <span data-mathinfo=""86,1000,525,975;;5"" class=""itexmath"" contenteditable=""false"" data-latex=""\displaystyle  5 "">\(\displaystyle 5 \)</span> 뒤에 있는 수이므로 <span data-mathinfo=""86,1000,525,975;;6"" class=""itexmath"" contenteditable=""false"" data-latex=""\displaystyle  6 "">\(\displaystyle 6 \)</span>(여섯, 육), <span data-mathinfo=""86,1000,525,975;;7"" class=""itexmath"" contenteditable=""false"" data-latex=""\displaystyle  7 "">\(\displaystyle 7 \)</span>(일곱, 칠), <span data-mathinfo=""86,1000,525,975;;8"" class=""itexmath"" contenteditable=""false"" data-latex=""\displaystyle  8 "">\(\displaystyle 8 \)</span>(여덟, 팔), <span data-mathinfo=""86,1000,525,975;;9"" class=""itexmath"" contenteditable=""false"" data-latex=""\displaystyle  9 "">\(\displaystyle 9 \)</span>(아홉, 구)입니다.</p>"
H11FB137A0097000T23,"<p class=""para0"" style=""text-align:left;color:black;"">세 점 <span data-mathinfo=""86,1000,3495,1000;;rm A it  LEFT(2,~rm 4 RIGHT)"" class=""itexmath"" contenteditable=""false"" data-latex=""\displaystyle  \rm A \it { \left ( \mathrm{2}, \,\, \rm \mathrm{4} \right ) } "">\(\displaystyle \rm A \it { \left ( \mathrm{2}, \,\, \rm \mathrm{4} \right ) } \)</span>, <span data-mathinfo=""86,1000,4310,1000;;rm  rm B it  LEFT(-2,~rm 6 RIGHT)"" class=""itexmath"" contenteditable=""false"" data-latex=""\displaystyle  \rm \rm B \it { \left ( -\mathrm{2}, \,\, \rm \mathrm{6} \right ) } "">\(\displaystyle \rm \rm B \it { \left ( -\mathrm{2}, \,\, \rm \mathrm{6} \right ) } \)</span>, <span data-mathinfo=""86,1000,5275,1000;;rm  rm C it  LEFT(-2,~rm -2 RIGHT)"" class=""itexmath"" contenteditable=""false"" data-latex=""\displaystyle  \rm \rm C \it { \left ( -\mathrm{2}, \,\, \rm -\mathrm{2} \right ) } "">\(\displaystyle \rm \rm C \it { \left ( -\mathrm{2}, \,\, \rm -\mathrm{2} \right ) } \)</span>로부터 같은 거리에 있는 점을 <span data-mathinfo=""86,1000,3270,1000;;rm{P}it LEFT(a,~ b RIGHT) "" class=""itexmath"" contenteditable=""false"" data-latex=""\displaystyle  \rm { P } \it { \left ( a, \,\, b \right ) } "">\(\displaystyle \rm { P } \it { \left ( a, \,\, b \right ) } \)</span>라 할 때, <span data-mathinfo=""86,1000,975,975;;ab"" class=""itexmath"" contenteditable=""false"" data-latex=""\displaystyle  ab "">\(\displaystyle ab \)</span>의 값을 구하시오.</p>","<p class=""para0"" style=""text-align:left;color:black;""><span data-mathinfo=""88,1000,4095,1195;;{bar{rm AP it}} = {bar{rm BP it}} "" class=""itexmath"" contenteditable=""false"" data-latex=""\displaystyle  { \overline { \rm AP } } = { \overline { \rm BP } } "">\(\displaystyle { \overline { \rm AP } } = { \overline { \rm BP } } \)</span>에서 <span data-mathinfo=""89,1000,5145,1362;;{bar{rm AP it rm }} ^{2}  = {bar{rm BP it rm }} ^{2} "" class=""itexmath"" contenteditable=""false"" data-latex=""\displaystyle  {{ \overline { \rm AP } } ^ { 2 }} = { { \overline { \rm BP } } ^ { 2 } } "">\(\displaystyle {{ \overline { \rm AP } } ^ { 2 }} = { { \overline { \rm BP } } ^ { 2 } } \)</span>이므로</p><p class=""para0"" style=""text-align: left; color: black;""><span data-mathinfo=""89,1000,16635,1163;;LEFT(a-2 RIGHT)  ^{2} + LEFT(b-4 RIGHT)  ^{2} = LEFT(a+2 RIGHT)  ^{2} + LEFT(b-6 RIGHT)  ^{2}"" class=""itexmath"" contenteditable=""false"" data-latex=""\displaystyle  {{ \left ( a-2 \right ) } ^ { 2 }} + { { \left ( b-4 \right ) } ^ { 2 } } = { { \left ( a+2 \right ) } ^ { 2 } } + { { \left ( b-6 \right ) } ^ { 2 } } "">\(\displaystyle {{ \left ( a-2 \right ) } ^ { 2 }} + { { \left ( b-4 \right ) } ^ { 2 } } = { { \left ( a+2 \right ) } ^ { 2 } } + { { \left ( b-6 \right ) } ^ { 2 } } \)</span></p><p class=""para0"" style=""text-align: left; color: black;""><span data-mathinfo=""89,1000,20450,1163;;a  ^{2} -4a+b  ^{2} -8b+20=a  ^{2} +4a+b  ^{2} -12b+40"" class=""itexmath"" contenteditable=""false"" data-latex=""\displaystyle  { a ^ { 2 } } { -4a+b ^ { 2 } } { -8b+20=a ^ { 2 } } { +4a+b ^ { 2 } } -12b+40 "">\(\displaystyle { a ^ { 2 } } { -4a+b ^ { 2 } } { -8b+20=a ^ { 2 } } { +4a+b ^ { 2 } } -12b+40 \)</span></p><p class=""para0"" style=""text-align:left;color:black;""><span data-mathinfo=""86,1000,6390,975;;-8a+4b=20   "" class=""itexmath"" contenteditable=""false"" data-latex=""\displaystyle  -8a+4b=20 "">\(\displaystyle -8a+4b=20 \)</span>   <span data-mathinfo=""86,1000,1050,975;;therefore"" class=""itexmath"" contenteditable=""false"" data-latex=""\displaystyle  \therefore "">\(\displaystyle \therefore \)</span> <span data-mathinfo=""86,1000,5605,1000;;   2a-b=`-5"" class=""itexmath"" contenteditable=""false"" data-latex=""\displaystyle  2a-b= -5 "">\(\displaystyle 2a-b= -5 \)</span> <span data-mathinfo=""86,1000,2100,975;;CDOTS    CDOTS "" class=""itexmath"" contenteditable=""false"" data-latex=""\displaystyle  \cdots \cdots "">\(\displaystyle \cdots \cdots \)</span> ㉠</p><p class=""para0"" style=""text-align:left;color:black;""><span data-mathinfo=""88,1000,4095,1195;;bar{rm{AP}it}=bar{rm{CP}it}"" class=""itexmath"" contenteditable=""false"" data-latex=""\displaystyle  \overline { \rm { AP } }= \overline { \rm { CP } } "">\(\displaystyle \overline { \rm { AP } }= \overline { \rm { CP } } \)</span>에서 <span data-mathinfo=""89,1000,5145,1362;;{bar{rm{AP}it}}^{2}= {bar{rm{CP}}}^{2} "" class=""itexmath"" contenteditable=""false"" data-latex=""\displaystyle  {{ \overline { \rm { AP } } } ^ { 2 }} = { { \overline { \rm { CP } } } ^ { 2 } } "">\(\displaystyle {{ \overline { \rm { AP } } } ^ { 2 }} = { { \overline { \rm { CP } } } ^ { 2 } } \)</span>이므로</p><p class=""para0"" style=""text-align: left; color: black;""><span data-mathinfo=""89,1000,16635,1163;;LEFT(a-2 RIGHT)  ^{2} + LEFT(b-4 RIGHT)  ^{2} = LEFT(a+2 RIGHT)  ^{2} + LEFT(b+2 RIGHT)  ^{2}"" class=""itexmath"" contenteditable=""false"" data-latex=""\displaystyle  {{ \left ( a-2 \right ) } ^ { 2 }} + { { \left ( b-4 \right ) } ^ { 2 } } = { { \left ( a+2 \right ) } ^ { 2 } } + { { \left ( b+2 \right ) } ^ { 2 } } "">\(\displaystyle {{ \left ( a-2 \right ) } ^ { 2 }} + { { \left ( b-4 \right ) } ^ { 2 } } = { { \left ( a+2 \right ) } ^ { 2 } } + { { \left ( b+2 \right ) } ^ { 2 } } \)</span></p><p class=""para0"" style=""text-align: left; color: black;""><span data-mathinfo=""89,1000,19400,1163;;a  ^{2} -4a+b  ^{2} -8b+20=a  ^{2} +4a+b  ^{2} +4b+8"" class=""itexmath"" contenteditable=""false"" data-latex=""\displaystyle  { a ^ { 2 } } { -4a+b ^ { 2 } } { -8b+20=a ^ { 2 } } { +4a+b ^ { 2 } } +4b+8 "">\(\displaystyle { a ^ { 2 } } { -4a+b ^ { 2 } } { -8b+20=a ^ { 2 } } { +4a+b ^ { 2 } } +4b+8 \)</span></p><p class=""para0"" style=""text-align:left;color:black;""><span data-mathinfo=""86,1000,8145,1000;;-8a-12b=`-12   "" class=""itexmath"" contenteditable=""false"" data-latex=""\displaystyle  -8a-12b= -12 "">\(\displaystyle -8a-12b= -12 \)</span>   <span data-mathinfo=""86,1000,1050,975;;therefore"" class=""itexmath"" contenteditable=""false"" data-latex=""\displaystyle  \therefore "">\(\displaystyle \therefore \)</span> <span data-mathinfo=""86,1000,4900,975;;   2a+3b=3"" class=""itexmath"" contenteditable=""false"" data-latex=""\displaystyle  2a+3b=3 "">\(\displaystyle 2a+3b=3 \)</span> <span data-mathinfo=""86,1000,2100,975;;CDOTS    CDOTS "" class=""itexmath"" contenteditable=""false"" data-latex=""\displaystyle  \cdots \cdots "">\(\displaystyle \cdots \cdots \)</span> ㉡</p><p class=""para0"" style=""text-align:left;color:black;"">㉠, ㉡을 연립하여 풀면 <span data-mathinfo=""66,1000,4025,2250;;a=`- {3} over {2} "" class=""itexmath"" contenteditable=""false"" data-latex=""\displaystyle  a= - { \dfrac { 3 } { 2 } } "">\(\displaystyle a= - { \dfrac { 3 } { 2 } } \)</span>, <span data-mathinfo=""86,1000,2220,975;; b=2"" class=""itexmath"" contenteditable=""false"" data-latex=""\displaystyle  b=2 "">\(\displaystyle b=2 \)</span></p><p class=""para0"" style=""text-align:left;color:black;""><span data-mathinfo=""86,1000,1050,975;;therefore"" class=""itexmath"" contenteditable=""false"" data-latex=""\displaystyle  \therefore "">\(\displaystyle \therefore \)</span> <span data-mathinfo=""86,1000,3975,1000;;   ab=`-3"" class=""itexmath"" contenteditable=""false"" data-latex=""\displaystyle  ab= -3 "">\(\displaystyle ab= -3 \)</span></p>"
M21AD069A005800T22,"<p class=""para0"" style=""text-align:left;color:black;"">일차함수 <span data-mathinfo=""86,1000,525,975;;y"" class=""itexmath"" contenteditable=""false"" data-latex=""\displaystyle  y "">\(\displaystyle y \)</span><span data-mathinfo=""86,1000,3790,975;;=ax-2"" class=""itexmath"" contenteditable=""false"" data-latex=""\displaystyle  =ax-2 "">\(\displaystyle =ax-2 \)</span>의 그래프가 <span data-mathinfo=""86,1000,525,975;;y"" class=""itexmath"" contenteditable=""false"" data-latex=""\displaystyle  y "">\(\displaystyle y \)</span><span data-mathinfo=""66,1000,4290,2250;;= {b} over {3} x+4"" class=""itexmath"" contenteditable=""false"" data-latex=""\displaystyle  = { \dfrac { b } { 3 } } x+4 "">\(\displaystyle = { \dfrac { b } { 3 } } x+4 \)</span>의 그래프와 평행하고, <span data-mathinfo=""86,1000,525,975;;y"" class=""itexmath"" contenteditable=""false"" data-latex=""\displaystyle  y "">\(\displaystyle y \)</span><span data-mathinfo=""86,1000,3265,975;;=x-1"" class=""itexmath"" contenteditable=""false"" data-latex=""\displaystyle  =x-1 "">\(\displaystyle =x-1 \)</span>의 그래프와 <span data-mathinfo=""86,1000,600,975;;x"" class=""itexmath"" contenteditable=""false"" data-latex=""\displaystyle  x "">\(\displaystyle x \)</span>축에서 만날 때, 상수 <span data-mathinfo=""86,1000,525,975;;a"" class=""itexmath"" contenteditable=""false"" data-latex=""\displaystyle  a "">\(\displaystyle a \)</span>, <span data-mathinfo=""86,1000,450,975;;b"" class=""itexmath"" contenteditable=""false"" data-latex=""\displaystyle  b "">\(\displaystyle b \)</span>에 대하여 <span data-mathinfo=""86,1000,2080,975;;b-a"" class=""itexmath"" contenteditable=""false"" data-latex=""\displaystyle  b-a "">\(\displaystyle b-a \)</span>의 값을 구하시오.</p>","<p class=""para0"" style=""text-align:left;color:black;""><span data-mathinfo=""86,1000,525,975;;a"" class=""itexmath"" contenteditable=""false"" data-latex=""\displaystyle  a "">\(\displaystyle a \)</span><span data-mathinfo=""66,1000,2060,2250;;= {b} over {3}"" class=""itexmath"" contenteditable=""false"" data-latex=""\displaystyle  = { \dfrac { b } { 3 } } "">\(\displaystyle = { \dfrac { b } { 3 } } \)</span>이므로 <span data-mathinfo=""86,1000,450,975;;b"" class=""itexmath"" contenteditable=""false"" data-latex=""\displaystyle  b "">\(\displaystyle b \)</span><span data-mathinfo=""86,1000,2085,975;;=3a"" class=""itexmath"" contenteditable=""false"" data-latex=""\displaystyle  =3a "">\(\displaystyle =3a \)</span></p><p class=""para0"" style=""text-align:left;color:black;"">또 <span data-mathinfo=""86,1000,525,975;;y"" class=""itexmath"" contenteditable=""false"" data-latex=""\displaystyle  y "">\(\displaystyle y \)</span><span data-mathinfo=""86,1000,3265,975;;=x-1"" class=""itexmath"" contenteditable=""false"" data-latex=""\displaystyle  =x-1 "">\(\displaystyle =x-1 \)</span>의 그래프의 <span data-mathinfo=""86,1000,600,975;;x"" class=""itexmath"" contenteditable=""false"" data-latex=""\displaystyle  x "">\(\displaystyle x \)</span>절편이 <span data-mathinfo=""86,1000,525,975;;1"" class=""itexmath"" contenteditable=""false"" data-latex=""\displaystyle  1 "">\(\displaystyle 1 \)</span>이므로 <span data-mathinfo=""86,1000,525,975;;y"" class=""itexmath"" contenteditable=""false"" data-latex=""\displaystyle  y "">\(\displaystyle y \)</span><span data-mathinfo=""86,1000,3790,975;;=ax-2"" class=""itexmath"" contenteditable=""false"" data-latex=""\displaystyle  =ax-2 "">\(\displaystyle =ax-2 \)</span>의 그래프의 <span data-mathinfo=""86,1000,600,975;;x"" class=""itexmath"" contenteditable=""false"" data-latex=""\displaystyle  x "">\(\displaystyle x \)</span>절편도 <span data-mathinfo=""86,1000,525,975;;1"" class=""itexmath"" contenteditable=""false"" data-latex=""\displaystyle  1 "">\(\displaystyle 1 \)</span>이다.</p><p class=""para0"" style=""text-align:left;color:black;"">따라서 <span data-mathinfo=""86,1000,525,975;;0"" class=""itexmath"" contenteditable=""false"" data-latex=""\displaystyle  0 "">\(\displaystyle 0 \)</span><span data-mathinfo=""86,1000,3190,975;;=a-2"" class=""itexmath"" contenteditable=""false"" data-latex=""\displaystyle  =a-2 "">\(\displaystyle =a-2 \)</span>에서 <span data-mathinfo=""86,1000,525,975;;a"" class=""itexmath"" contenteditable=""false"" data-latex=""\displaystyle  a "">\(\displaystyle a \)</span><span data-mathinfo=""86,1000,1560,975;;=2"" class=""itexmath"" contenteditable=""false"" data-latex=""\displaystyle  =2 "">\(\displaystyle =2 \)</span></p><p class=""para0"" style=""text-align:left;color:black;""><span data-mathinfo=""86,1000,1050,975;;THEREFORE"" class=""itexmath"" contenteditable=""false"" data-latex=""\displaystyle  \therefore "">\(\displaystyle \therefore \)</span> <span data-mathinfo=""86,1000,450,975;;b"" class=""itexmath"" contenteditable=""false"" data-latex=""\displaystyle  b "">\(\displaystyle b \)</span><span data-mathinfo=""86,1000,2085,975;;=3a"" class=""itexmath"" contenteditable=""false"" data-latex=""\displaystyle  =3a "">\(\displaystyle =3a \)</span><span data-mathinfo=""86,1000,1560,975;;=6"" class=""itexmath"" contenteditable=""false"" data-latex=""\displaystyle  =6 "">\(\displaystyle =6 \)</span></p><p class=""para0"" style=""text-align:left;color:black;""><span data-mathinfo=""86,1000,1050,975;;THEREFORE"" class=""itexmath"" contenteditable=""false"" data-latex=""\displaystyle  \therefore "">\(\displaystyle \therefore \)</span> <span data-mathinfo=""86,1000,2080,975;;b-a"" class=""itexmath"" contenteditable=""false"" data-latex=""\displaystyle  b-a "">\(\displaystyle b-a \)</span><span data-mathinfo=""86,1000,1560,975;;=4"" class=""itexmath"" contenteditable=""false"" data-latex=""\displaystyle  =4 "">\(\displaystyle =4 \)</span></p>"
M12FB144A000300T22,"<p class=""para0"" style=""text-align:left;color:black;"">아래 그림의 원 <span data-mathinfo=""86,1000,750,1000;;rm O"" class=""itexmath"" contenteditable=""false"" data-latex=""\displaystyle  \rm O "">\(\displaystyle \rm O \)</span>에서 <span data-mathinfo=""86,1000,12165,1000;;rm  ANGLE AOB= ANGLE BOC= ANGLE DOE"" class=""itexmath"" contenteditable=""false"" data-latex=""\displaystyle  \rm \angle AOB= \angle BOC= \angle DOE "">\(\displaystyle \rm \angle AOB= \angle BOC= \angle DOE \)</span>일 때, 다음 중 옳은 것은?</p><p class=""img_wrap"" style=""text-align:center;color:black;""><img style=""width:130px;"" src=""https://dela4pam71omq.cloudfront.net/svc07/2024/08/19/0x7DAEC8CE5E1A11EFB27B3FFD20CAEA7D.png"" data-width=""116px, 130px""></p><div class=""level4""><div class=""sel_list""><p class=""para0"" style=""text-align:left;color:black;""><span class=""sel_num_po"">① </span><span data-mathinfo=""88,1000,1605,1182;;rm bar{AC} "" class=""itexmath"" contenteditable=""false"" data-latex=""\displaystyle  \rm \overline { AC } "">\(\displaystyle \rm \overline { AC } \)</span><span data-mathinfo=""88,1000,3090,1182;;rm=2 bar{DE}"" class=""itexmath"" contenteditable=""false"" data-latex=""\displaystyle  \rm =2 \overline { DE } "">\(\displaystyle \rm =2 \overline { DE } \)</span></p></div><div class=""sel_list""><p class=""para0"" style=""text-align:left;color:black;""><span class=""sel_num_po"">② </span><span data-mathinfo=""66,1000,4325,2250;;rm {1} over {2} ANGLE AOC"" class=""itexmath"" contenteditable=""false"" data-latex=""\displaystyle  \rm { \dfrac { 1 } { 2 } } \angle AOC "">\(\displaystyle \rm { \dfrac { 1 } { 2 } } \angle AOC \)</span><span data-mathinfo=""86,1000,4335,1000;;= rm ANGLE AOB"" class=""itexmath"" contenteditable=""false"" data-latex=""\displaystyle  = \rm \angle AOB "">\(\displaystyle = \rm \angle AOB \)</span></p></div><div class=""sel_list""><p class=""para0"" style=""text-align:left;color:black;""><span class=""sel_num_po"">③ </span><span data-mathinfo=""84,1000,1425,1235;;rm arch{DE}"" class=""itexmath"" contenteditable=""false"" data-latex=""\displaystyle  \rm \overset {\frown} { DE } "">\(\displaystyle \rm \overset {\frown} { DE } \)</span><span data-mathinfo=""86,1000,1,1000;;rm "" class=""itexmath"" contenteditable=""false"" data-latex=""\displaystyle  \rm "">\(\displaystyle \rm \)</span><span data-mathinfo=""88,1000,2640,1182;;rm= bar{AB}"" class=""itexmath"" contenteditable=""false"" data-latex=""\displaystyle  \rm = \overline { AB } "">\(\displaystyle \rm = \overline { AB } \)</span></p></div><div class=""sel_list""><p class=""para0"" style=""text-align:left;color:black;""><span class=""sel_num_po"">④ </span><span data-mathinfo=""84,1000,1350,1235;;rm arch{BC} "" class=""itexmath"" contenteditable=""false"" data-latex=""\displaystyle  \rm \overset {\frown} { BC } "">\(\displaystyle \rm \overset {\frown} { BC } \)</span><span data-mathinfo=""84,1000,3060,1235;;=2 rm arch{AC}"" class=""itexmath"" contenteditable=""false"" data-latex=""\displaystyle  =2 \rm \overset {\frown} { AC } "">\(\displaystyle =2 \rm \overset {\frown} { AC } \)</span></p></div><div class=""sel_list""><p class=""para0"" style=""text-align:left;color:black;""><span class=""sel_num_po"">⑤ </span>(부채꼴 <span data-mathinfo=""86,1000,2250,1000;;rmAOC"" class=""itexmath"" contenteditable=""false"" data-latex=""\displaystyle  \rm AOC "">\(\displaystyle \rm AOC \)</span>의 넓이)</p><p class=""para0"" style=""text-align:left;color:black;""><span data-mathinfo=""86,1000,825,975;;="" class=""itexmath"" contenteditable=""false"" data-latex=""\displaystyle  = "">\(\displaystyle = \)</span>(부채꼴 <span data-mathinfo=""86,1000,2100,1000;;rm BOC"" class=""itexmath"" contenteditable=""false"" data-latex=""\displaystyle  \rm BOC "">\(\displaystyle \rm BOC \)</span>의 넓이)</p></div></div>","<p class=""para0"" style=""text-align:left;color:black;"">① 현의 길이는 중심각의 크기에 정비례하지 </p><p class=""para0"" style=""text-align:left;color:black;"">   않으므로 <span data-mathinfo=""88,1000,4850,1182;;rm bar{AC} != 2 bar{DE}"" class=""itexmath"" contenteditable=""false"" data-latex=""\displaystyle  \rm \overline { AC } \ne 2 \overline { DE } "">\(\displaystyle \rm \overline { AC } \ne 2 \overline { DE } \)</span></p><p class=""para0"" style=""text-align:left;color:black;"">③ <span data-mathinfo=""84,1000,4220,1235;;rm arch{DE}!= bar{AB}"" class=""itexmath"" contenteditable=""false"" data-latex=""\displaystyle  \rm \overset {\frown} { DE } \ne \overline { AB } "">\(\displaystyle \rm \overset {\frown} { DE } \ne \overline { AB } \)</span></p><p class=""para0"" style=""text-align:left;color:black;"">④ <span data-mathinfo=""84,1000,1875,1235;;rm 2 arch{BC}"" class=""itexmath"" contenteditable=""false"" data-latex=""\displaystyle  \rm 2 \overset {\frown} { BC } "">\(\displaystyle \rm 2 \overset {\frown} { BC } \)</span><span data-mathinfo=""84,1000,2535,1235;;= rm arch{AC}"" class=""itexmath"" contenteditable=""false"" data-latex=""\displaystyle  = \rm \overset {\frown} { AC } "">\(\displaystyle = \rm \overset {\frown} { AC } \)</span></p><p class=""para0"" style=""text-align:left;color:black;"">⑤ 부채꼴의 넓이는 중심각의 크기에 정비례</p><p class=""para0"" style=""text-align:left;color:black;"">   하므로</p><p class=""para0"" style=""text-align:left;color:black;"">   (부채꼴 <span data-mathinfo=""86,1000,2250,1000;;rmAOC"" class=""itexmath"" contenteditable=""false"" data-latex=""\displaystyle  \rm AOC "">\(\displaystyle \rm AOC \)</span>의 넓이)</p><p class=""para0"" style=""text-align:left;color:black;"">    <span data-mathinfo=""86,1000,2525,975;;=2 TIMES"" class=""itexmath"" contenteditable=""false"" data-latex=""\displaystyle  =2 \times "">\(\displaystyle =2 \times \)</span>(부채꼴 <span data-mathinfo=""86,1000,2100,1000;;rm BOC"" class=""itexmath"" contenteditable=""false"" data-latex=""\displaystyle  \rm BOC "">\(\displaystyle \rm BOC \)</span>의 넓이)</p>"
E61DJ146A000702T22,"<p class=""para0"" style=""text-align:left;color:black;"">□ 안에 알맞은 수를 써 보세요.</p><p class=""para0"" style=""text-align:center;color:black;""><span data-mathinfo=""80,1000,11190,1291;;3700000`` rm cm ^{3} = {BOX{~~~~~}} `` rm m ^{3}"" class=""itexmath itexboxevt_parent"" contenteditable=""false"" data-latex=""\displaystyle  3700000 \rm { cm ^ { 3 } } = { \class{itexboxevt}{} \boxed { \,\, \,\, \,\, \,\, \,\, \mathstrut } } \rm { m ^ { 3 } } "">\(\displaystyle 3700000 \rm { cm ^ { 3 } } = { \class{itexboxevt}{} \boxed { \,\, \,\, \,\, \,\, \,\, \mathstrut } } \rm { m ^ { 3 } } \)</span></p>","<p class=""para0"" style=""text-align:left;color:black;""><span data-mathinfo=""88,1000,9110,1175;;1``rmm ^{ 3}=1000000``rmcm ^{ 3}"" class=""itexmath"" contenteditable=""false"" data-latex=""\displaystyle  1 \rm { m ^ { 3 } } =1000000 \rm { cm ^ { 3 } } "">\(\displaystyle 1 \rm { m ^ { 3 } } =1000000 \rm { cm ^ { 3 } } \)</span>이므로</p><p class=""para0"" style=""text-align:left;color:black;""><span data-mathinfo=""88,1000,9935,1175;;3700000`` rm cm ^{3} =3.7`` rm m ^{3}"" class=""itexmath"" contenteditable=""false"" data-latex=""\displaystyle  3700000 \rm { cm ^ { 3 } } =3.7 \rm { m ^ { 3 } } "">\(\displaystyle 3700000 \rm { cm ^ { 3 } } =3.7 \rm { m ^ { 3 } } \)</span>입니다.</p>"
